Date,Home Team,Home Score,Away Team,Away Score,Home Team Result
2025-10-21,Oklahoma City Thunder,125,Houston Rockets,124,W
2025-10-21,Los Angeles Lakers,109,Golden State Warriors,119,L
2025-10-22,Portland Trail Blazers,114,Minnesota Timberwolves,118,L
2025-10-22,Dallas Mavericks,92,San Antonio Spurs,125,L
2025-10-22,Utah Jazz,129,LA Clippers,108,W
2025-10-22,Phoenix Suns,120,Sacramento Kings,116,W
2025-10-22,Atlanta Hawks,118,Toronto Raptors,138,L
2025-10-22,Charlotte Hornets,136,Brooklyn Nets,117,W
2025-10-22,Milwaukee Bucks,133,Washington Wizards,120,W
2025-10-22,Chicago Bulls,115,Detroit Pistons,111,W
2025-10-22,Memphis Grizzlies,128,New Orleans Pelicans,122,W
2025-10-22,New York Knicks,119,Cleveland Cavaliers,111,W
2025-10-22,Boston Celtics,116,Philadelphia 76ers,117,L
2025-10-22,Orlando Magic,125,Miami Heat,121,W
2025-10-23,Golden State Warriors,137,Denver Nuggets,131,W
2025-10-23,Indiana Pacers,135,Oklahoma City Thunder,141,L
2025-10-24,Sacramento Kings,105,Utah Jazz,104,W
2025-10-24,Houston Rockets,111,Detroit Pistons,115,L
2025-10-24,Dallas Mavericks,107,Washington Wizards,117,L
2025-10-24,Memphis Grizzlies,114,Miami Heat,146,L
2025-10-24,LA Clippers,129,Phoenix Suns,102,W
2025-10-24,Toronto Raptors,116,Milwaukee Bucks,122,L
2025-10-24,New York Knicks,105,Boston Celtics,95,W
2025-10-24,New Orleans Pelicans,116,San Antonio Spurs,120,L
2025-10-24,Los Angeles Lakers,128,Minnesota Timberwolves,110,W
2025-10-24,Portland Trail Blazers,139,Golden State Warriors,119,W
2025-10-24,Orlando Magic,107,Atlanta Hawks,111,L
2025-10-24,Brooklyn Nets,124,Cleveland Cavaliers,131,L
2025-10-25,Philadelphia 76ers,125,Charlotte Hornets,121,W
2025-10-25,Atlanta Hawks,100,Oklahoma City Thunder,117,L
2025-10-25,Memphis Grizzlies,128,Indiana Pacers,103,W
2025-10-25,Orlando Magic,98,Chicago Bulls,110,L
2025-10-25,Denver Nuggets,133,Phoenix Suns,111,W
2025-10-26,Miami Heat,115,New York Knicks,107,W
2025-10-26,Detroit Pistons,119,Boston Celtics,113,W
2025-10-26,San Antonio Spurs,118,Brooklyn Nets,107,W
2025-10-26,Washington Wizards,113,Charlotte Hornets,139,L
2025-10-26,Minnesota Timberwolves,114,Indiana Pacers,110,W
2025-10-26,Cleveland Cavaliers,118,Milwaukee Bucks,113,W
2025-10-26,LA Clippers,114,Portland Trail Blazers,107,W
2025-10-26,Dallas Mavericks,139,Toronto Raptors,129,W
2025-10-26,Sacramento Kings,120,Los Angeles Lakers,127,L
2025-10-27,Utah Jazz,138,Phoenix Suns,134,W
2025-10-27,Los Angeles Lakers,108,Portland Trail Blazers,122,L
2025-10-27,Detroit Pistons,95,Cleveland Cavaliers,116,L
2025-10-27,New Orleans Pelicans,90,Boston Celtics,122,L
2025-10-27,Minnesota Timberwolves,114,Denver Nuggets,127,L
2025-10-27,Houston Rockets,137,Brooklyn Nets,109,W
2025-10-27,Dallas Mavericks,94,Oklahoma City Thunder,101,L
2025-10-27,Philadelphia 76ers,136,Orlando Magic,124,W
2025-10-27,San Antonio Spurs,121,Toronto Raptors,103,W
2025-10-27,Chicago Bulls,128,Atlanta Hawks,123,W
2025-10-27,Golden State Warriors,131,Memphis Grizzlies,118,W
2025-10-28,Oklahoma City Thunder,107,Sacramento Kings,101,W
2025-10-28,Milwaukee Bucks,121,New York Knicks,111,W
2025-10-28,Miami Heat,144,Charlotte Hornets,117,W
2025-10-28,Golden State Warriors,98,LA Clippers,79,W
2025-10-28,Washington Wizards,134,Philadelphia 76ers,139,L
2025-10-29,Toronto Raptors,121,Houston Rockets,139,L
2025-10-29,Minnesota Timberwolves,115,Los Angeles Lakers,116,L
2025-10-29,Phoenix Suns,113,Memphis Grizzlies,114,L
2025-10-29,Dallas Mavericks,107,Indiana Pacers,105,W
2025-10-29,Detroit Pistons,135,Orlando Magic,116,W
2025-10-29,Boston Celtics,125,Cleveland Cavaliers,105,W
2025-10-29,Utah Jazz,134,Portland Trail Blazers,136,L
2025-10-29,Brooklyn Nets,112,Atlanta Hawks,117,L
2025-10-29,Denver Nuggets,122,New Orleans Pelicans,88,W
2025-10-29,Chicago Bulls,126,Sacramento Kings,113,W
2025-10-30,Milwaukee Bucks,120,Golden State Warriors,110,W
2025-10-30,Charlotte Hornets,107,Orlando Magic,123,L
2025-10-30,San Antonio Spurs,107,Miami Heat,101,W
2025-10-30,Oklahoma City Thunder,127,Washington Wizards,108,W
2025-10-31,Philadelphia 76ers,108,Boston Celtics,109,L
2025-10-31,Portland Trail Blazers,109,Denver Nuggets,107,W
2025-10-31,Chicago Bulls,135,New York Knicks,125,W
2025-10-31,Phoenix Suns,118,Utah Jazz,96,W
2025-10-31,LA Clippers,126,New Orleans Pelicans,124,W
2025-10-31,Indiana Pacers,108,Atlanta Hawks,128,L
2025-10-31,Memphis Grizzlies,112,Los Angeles Lakers,117,L
2025-10-31,Cleveland Cavaliers,101,Toronto Raptors,112,L
2025-11-01,Indiana Pacers,114,Golden State Warriors,109,W
2025-11-01,Washington Wizards,94,Orlando Magic,125,L
2025-11-01,Milwaukee Bucks,133,Sacramento Kings,135,L
2025-11-01,Boston Celtics,101,Houston Rockets,128,L
2025-11-01,Charlotte Hornets,105,Minnesota Timberwolves,122,L
2025-11-02,Phoenix Suns,130,San Antonio Spurs,118,W
2025-11-02,Brooklyn Nets,105,Philadelphia 76ers,129,L
2025-11-02,New York Knicks,128,Chicago Bulls,116,W
2025-11-02,Oklahoma City Thunder,137,New Orleans Pelicans,106,W
2025-11-02,Cleveland Cavaliers,117,Atlanta Hawks,109,W
2025-11-02,Los Angeles Lakers,130,Miami Heat,120,W
2025-11-02,Toronto Raptors,117,Memphis Grizzlies,104,W
2025-11-02,Charlotte Hornets,126,Utah Jazz,103,W
2025-11-03,Houston Rockets,110,Dallas Mavericks,102,W
2025-11-03,New York Knicks,119,Washington Wizards,102,W
2025-11-03,Portland Trail Blazers,115,Los Angeles Lakers,123,L
2025-11-03,LA Clippers,119,Miami Heat,120,L
2025-11-03,Brooklyn Nets,109,Minnesota Timberwolves,125,L
2025-11-03,Indiana Pacers,115,Milwaukee Bucks,117,L
2025-11-03,Boston Celtics,103,Utah Jazz,105,L
2025-11-03,Denver Nuggets,130,Sacramento Kings,124,W
2025-11-03,Memphis Grizzlies,106,Detroit Pistons,114,L
2025-11-04,Toronto Raptors,128,Milwaukee Bucks,100,W
2025-11-04,Atlanta Hawks,127,Orlando Magic,112,W
2025-11-04,LA Clippers,107,Oklahoma City Thunder,126,L
2025-11-04,Golden State Warriors,118,Phoenix Suns,107,W
2025-11-04,Chicago Bulls,113,Philadelphia 76ers,111,W
2025-11-04,New Orleans Pelicans,116,Charlotte Hornets,112,W
2025-11-05,Los Angeles Lakers,118,San Antonio Spurs,116,W
2025-11-05,Sacramento Kings,121,Golden State Warriors,116,W
2025-11-05,Memphis Grizzlies,109,Houston Rockets,124,L
2025-11-05,Cleveland Cavaliers,132,Philadelphia 76ers,121,W
2025-11-05,Boston Celtics,136,Washington Wizards,107,W
2025-11-05,New York Knicks,137,Minnesota Timberwolves,114,W
2025-11-05,Indiana Pacers,103,Brooklyn Nets,112,L
2025-11-05,Portland Trail Blazers,121,Oklahoma City Thunder,119,W
2025-11-05,Denver Nuggets,122,Miami Heat,112,W
2025-11-05,Detroit Pistons,114,Utah Jazz,103,W
2025-11-05,Dallas Mavericks,99,New Orleans Pelicans,101,L
2025-11-06,Phoenix Suns,115,LA Clippers,102,W
2025-11-07,Brooklyn Nets,107,Detroit Pistons,125,L
2025-11-07,Denver Nuggets,129,Golden State Warriors,104,W
2025-11-07,Orlando Magic,123,Boston Celtics,110,W
2025-11-07,Milwaukee Bucks,126,Chicago Bulls,110,W
2025-11-07,Memphis Grizzlies,118,Dallas Mavericks,104,W
2025-11-07,San Antonio Spurs,121,Houston Rockets,110,W
2025-11-07,Minnesota Timberwolves,137,Utah Jazz,97,W
2025-11-07,Atlanta Hawks,97,Toronto Raptors,109,L
2025-11-07,Miami Heat,126,Charlotte Hornets,108,W
2025-11-07,Sacramento Kings,101,Oklahoma City Thunder,132,L
2025-11-07,Washington Wizards,115,Cleveland Cavaliers,148,L
2025-11-08,San Antonio Spurs,126,New Orleans Pelicans,119,W
2025-11-08,Cleveland Cavaliers,128,Chicago Bulls,122,W
2025-11-08,Washington Wizards,105,Dallas Mavericks,111,L
2025-11-08,Miami Heat,136,Portland Trail Blazers,131,W
2025-11-08,LA Clippers,103,Phoenix Suns,114,L
2025-11-08,Denver Nuggets,117,Indiana Pacers,100,W
2025-11-08,Philadelphia 76ers,130,Toronto Raptors,120,W
2025-11-08,Atlanta Hawks,122,Los Angeles Lakers,102,W
2025-11-09,Milwaukee Bucks,115,Houston Rockets,122,L
2025-11-09,Golden State Warriors,114,Indiana Pacers,83,W
2025-11-09,New York Knicks,134,Brooklyn Nets,98,W
2025-11-09,Memphis Grizzlies,100,Oklahoma City Thunder,114,L
2025-11-09,Orlando Magic,107,Boston Celtics,111,L
2025-11-09,Philadelphia 76ers,108,Detroit Pistons,111,L
2025-11-09,Sacramento Kings,117,Minnesota Timberwolves,144,L
2025-11-10,Charlotte Hornets,111,Los Angeles Lakers,121,L
2025-11-10,Orlando Magic,115,Portland Trail Blazers,112,W
2025-11-10,Chicago Bulls,117,San Antonio Spurs,121,L
2025-11-10,Phoenix Suns,121,New Orleans Pelicans,98,W
2025-11-10,Miami Heat,140,Cleveland Cavaliers,138,W
2025-11-10,Detroit Pistons,137,Washington Wizards,135,W
2025-11-10,LA Clippers,102,Atlanta Hawks,105,L
2025-11-10,Utah Jazz,113,Minnesota Timberwolves,120,L
2025-11-10,Dallas Mavericks,114,Milwaukee Bucks,116,L
2025-11-11,Brooklyn Nets,109,Toronto Raptors,119,L
2025-11-11,New York Knicks,133,Memphis Grizzlies,120,W
2025-11-11,Utah Jazz,152,Indiana Pacers,128,W
2025-11-11,Sacramento Kings,108,Denver Nuggets,122,L
2025-11-11,Oklahoma City Thunder,126,Golden State Warriors,102,W
2025-11-11,Philadelphia 76ers,102,Boston Celtics,100,W
2025-11-12,Dallas Mavericks,114,Phoenix Suns,123,L
2025-11-12,San Antonio Spurs,120,Golden State Warriors,125,L
2025-11-12,Houston Rockets,135,Washington Wizards,112,W
2025-11-12,LA Clippers,116,Denver Nuggets,130,L
2025-11-12,Sacramento Kings,100,Atlanta Hawks,133,L
2025-11-12,Detroit Pistons,124,Chicago Bulls,113,W
2025-11-12,New York Knicks,107,Orlando Magic,124,L
2025-11-12,Charlotte Hornets,111,Milwaukee Bucks,100,W
2025-11-12,Boston Celtics,131,Memphis Grizzlies,95,W
2025-11-12,Miami Heat,116,Cleveland Cavaliers,130,L
2025-11-12,New Orleans Pelicans,117,Portland Trail Blazers,125,L
2025-11-12,Oklahoma City Thunder,121,Los Angeles Lakers,92,W
2025-11-13,Utah Jazz,122,Atlanta Hawks,132,L
2025-11-13,Cleveland Cavaliers,113,Toronto Raptors,126,L
2025-11-13,Phoenix Suns,133,Indiana Pacers,98,W
2025-11-14,Detroit Pistons,114,Philadelphia 76ers,105,W
2025-11-14,Houston Rockets,140,Portland Trail Blazers,116,W
2025-11-14,Orlando Magic,105,Brooklyn Nets,98,W
2025-11-14,Minnesota Timberwolves,124,Sacramento Kings,110,W
2025-11-14,Milwaukee Bucks,147,Charlotte Hornets,134,W
2025-11-14,New Orleans Pelicans,104,Los Angeles Lakers,118,L
2025-11-14,Dallas Mavericks,127,LA Clippers,133,L
2025-11-14,New York Knicks,140,Miami Heat,132,W
2025-11-14,San Antonio Spurs,108,Golden State Warriors,109,L
2025-11-15,Charlotte Hornets,96,Oklahoma City Thunder,109,L
2025-11-15,Minnesota Timberwolves,112,Denver Nuggets,123,L
2025-11-15,Indiana Pacers,111,Toronto Raptors,129,L
2025-11-15,Cleveland Cavaliers,108,Memphis Grizzlies,100,W
2025-11-15,Milwaukee Bucks,95,Los Angeles Lakers,119,L
2025-11-16,Dallas Mavericks,138,Portland Trail Blazers,133,W
2025-11-16,Boston Celtics,121,LA Clippers,118,W
2025-11-16,Washington Wizards,106,Brooklyn Nets,129,L
2025-11-16,Utah Jazz,150,Chicago Bulls,147,W
2025-11-16,New Orleans Pelicans,106,Golden State Warriors,124,L
2025-11-16,Houston Rockets,117,Orlando Magic,113,W
2025-11-16,Phoenix Suns,122,Atlanta Hawks,124,L
2025-11-16,San Antonio Spurs,123,Sacramento Kings,110,W
2025-11-17,Denver Nuggets,127,Chicago Bulls,130,L
2025-11-17,Detroit Pistons,127,Indiana Pacers,112,W
2025-11-17,Cleveland Cavaliers,118,Milwaukee Bucks,106,W
2025-11-17,New Orleans Pelicans,109,Oklahoma City Thunder,126,L
2025-11-17,Toronto Raptors,110,Charlotte Hornets,108,W
2025-11-17,Minnesota Timberwolves,120,Dallas Mavericks,96,W
2025-11-17,Miami Heat,115,New York Knicks,113,W
2025-11-17,Philadelphia 76ers,110,LA Clippers,108,W
2025-11-18,Portland Trail Blazers,110,Phoenix Suns,127,L
2025-11-18,Orlando Magic,121,Golden State Warriors,113,W
2025-11-18,Atlanta Hawks,112,Detroit Pistons,120,L
2025-11-18,Los Angeles Lakers,140,Utah Jazz,126,W
2025-11-18,San Antonio Spurs,111,Memphis Grizzlies,101,W
2025-11-18,Brooklyn Nets,99,Boston Celtics,113,L
2025-11-19,Miami Heat,110,Golden State Warriors,96,W
2025-11-19,Cleveland Cavaliers,104,Houston Rockets,114,L
2025-11-19,Indiana Pacers,127,Charlotte Hornets,118,W
2025-11-19,Oklahoma City Thunder,113,Sacramento Kings,99,W
2025-11-19,Portland Trail Blazers,121,Chicago Bulls,122,L
2025-11-19,Philadelphia 76ers,112,Toronto Raptors,121,L
2025-11-19,Minnesota Timberwolves,120,Washington Wizards,109,W
2025-11-19,New Orleans Pelicans,118,Denver Nuggets,125,L
2025-11-19,Dallas Mavericks,111,New York Knicks,113,L
2025-11-20,Memphis Grizzlies,137,Sacramento Kings,96,W
2025-11-20,Orlando Magic,129,LA Clippers,101,W
2025-11-20,Milwaukee Bucks,114,Philadelphia 76ers,123,L
2025-11-20,San Antonio Spurs,135,Atlanta Hawks,126,W
2025-11-21,Utah Jazz,112,Oklahoma City Thunder,144,L
2025-11-21,Houston Rockets,109,Denver Nuggets,112,L
2025-11-21,Phoenix Suns,114,Minnesota Timberwolves,113,W
2025-11-21,Golden State Warriors,123,Portland Trail Blazers,127,L
2025-11-21,Cleveland Cavaliers,120,Indiana Pacers,109,W
2025-11-21,Dallas Mavericks,118,New Orleans Pelicans,115,W
2025-11-21,Toronto Raptors,140,Washington Wizards,110,W
2025-11-21,Chicago Bulls,107,Miami Heat,143,L
2025-11-21,Boston Celtics,105,Brooklyn Nets,113,L
2025-11-22,Dallas Mavericks,96,Memphis Grizzlies,102,L
2025-11-22,Orlando Magic,133,New York Knicks,121,W
2025-11-22,Charlotte Hornets,116,LA Clippers,131,L
2025-11-22,Denver Nuggets,123,Sacramento Kings,128,L
2025-11-22,Chicago Bulls,121,Washington Wizards,120,W
2025-11-22,Milwaukee Bucks,116,Detroit Pistons,129,L
2025-11-22,New Orleans Pelicans,98,Atlanta Hawks,115,L
2025-11-23,Cleveland Cavaliers,120,LA Clippers,105,W
2025-11-23,Phoenix Suns,111,San Antonio Spurs,102,W
2025-11-23,Philadelphia 76ers,117,Miami Heat,127,L
2025-11-23,Utah Jazz,106,Los Angeles Lakers,108,L
2025-11-23,Boston Celtics,138,Orlando Magic,129,W
2025-11-23,Oklahoma City Thunder,122,Portland Trail Blazers,95,W
2025-11-23,Atlanta Hawks,113,Charlotte Hornets,110,W
2025-11-23,Toronto Raptors,119,Brooklyn Nets,109,W
2025-11-24,Miami Heat,106,Dallas Mavericks,102,W
2025-11-24,Toronto Raptors,110,Cleveland Cavaliers,99,W
2025-11-24,Brooklyn Nets,100,New York Knicks,113,L
2025-11-24,New Orleans Pelicans,143,Chicago Bulls,130,W
2025-11-24,Golden State Warriors,134,Utah Jazz,117,W
2025-11-24,Sacramento Kings,117,Minnesota Timberwolves,112,W
2025-11-24,Phoenix Suns,92,Houston Rockets,114,L
2025-11-24,Indiana Pacers,117,Detroit Pistons,122,L
2025-11-24,Memphis Grizzlies,115,Denver Nuggets,125,L
2025-11-24,Milwaukee Bucks,103,Portland Trail Blazers,115,L
2025-11-25,Los Angeles Lakers,135,LA Clippers,118,W
2025-11-25,Washington Wizards,132,Atlanta Hawks,113,W
2025-11-25,Philadelphia 76ers,103,Orlando Magic,144,L
2025-11-26,Golden State Warriors,100,Houston Rockets,104,L
2025-11-26,Portland Trail Blazers,102,San Antonio Spurs,115,L
2025-11-26,Oklahoma City Thunder,113,Minnesota Timberwolves,105,W
2025-11-26,Sacramento Kings,100,Phoenix Suns,112,L
2025-11-26,Charlotte Hornets,101,New York Knicks,129,L
2025-11-26,New Orleans Pelicans,128,Memphis Grizzlies,133,L
2025-11-26,Miami Heat,106,Milwaukee Bucks,103,W
2025-11-26,Boston Celtics,117,Detroit Pistons,114,W
2025-11-26,Toronto Raptors,97,Indiana Pacers,95,W
2025-11-28,Denver Nuggets,136,San Antonio Spurs,139,L
2025-11-28,Atlanta Hawks,130,Cleveland Cavaliers,123,W
2025-11-28,Utah Jazz,128,Sacramento Kings,119,W
2025-11-28,Oklahoma City Thunder,123,Phoenix Suns,119,W
2025-11-28,Charlotte Hornets,123,Chicago Bulls,116,W
2025-11-28,New York Knicks,118,Milwaukee Bucks,109,W
2025-11-28,Indiana Pacers,119,Washington Wizards,86,W
2025-11-28,Los Angeles Lakers,129,Dallas Mavericks,119,W
2025-11-28,Detroit Pistons,109,Orlando Magic,112,L
2025-11-28,LA Clippers,107,Memphis Grizzlies,112,L
2025-11-28,Brooklyn Nets,103,Philadelphia 76ers,115,L
2025-11-29,Phoenix Suns,112,Denver Nuggets,130,L
2025-11-29,Miami Heat,135,Detroit Pistons,138,L
2025-11-29,Golden State Warriors,104,New Orleans Pelicans,96,W
2025-11-29,LA Clippers,110,Dallas Mavericks,114,L
2025-11-29,Charlotte Hornets,118,Toronto Raptors,111,W
2025-11-29,Minnesota Timberwolves,119,Boston Celtics,115,W
2025-11-29,Indiana Pacers,103,Chicago Bulls,101,W
2025-11-29,Milwaukee Bucks,116,Brooklyn Nets,99,W
2025-11-30,Portland Trail Blazers,115,Oklahoma City Thunder,123,L
2025-11-30,Cleveland Cavaliers,115,Boston Celtics,117,L
2025-11-30,Minnesota Timberwolves,125,San Antonio Spurs,112,W
2025-11-30,Sacramento Kings,107,Memphis Grizzlies,115,L
2025-11-30,New York Knicks,116,Toronto Raptors,94,W
2025-11-30,Los Angeles Lakers,133,New Orleans Pelicans,121,W
2025-11-30,Philadelphia 76ers,134,Atlanta Hawks,142,L
2025-11-30,Utah Jazz,101,Houston Rockets,129,L
2025-12-01,Los Angeles Lakers,108,Phoenix Suns,125,L
2025-12-01,Orlando Magic,125,Chicago Bulls,120,W
2025-12-01,Detroit Pistons,99,Atlanta Hawks,98,W
2025-12-01,Brooklyn Nets,116,Charlotte Hornets,103,W
2025-12-01,Utah Jazz,133,Houston Rockets,125,W
2025-12-01,Washington Wizards,129,Milwaukee Bucks,126,W
2025-12-01,Indiana Pacers,119,Cleveland Cavaliers,135,L
2025-12-01,Miami Heat,140,LA Clippers,123,W
2025-12-01,Denver Nuggets,121,Dallas Mavericks,131,L
2025-12-02,San Antonio Spurs,126,Memphis Grizzlies,119,W
2025-12-02,Philadelphia 76ers,121,Washington Wizards,102,W
2025-12-02,Boston Celtics,123,New York Knicks,117,W
2025-12-02,New Orleans Pelicans,142,Minnesota Timberwolves,149,L
2025-12-02,Toronto Raptors,121,Portland Trail Blazers,118,W
2025-12-02,Golden State Warriors,112,Oklahoma City Thunder,124,L
2025-12-03,Orlando Magic,112,San Antonio Spurs,114,L
2025-12-03,Houston Rockets,121,Sacramento Kings,95,W
2025-12-03,Indiana Pacers,120,Denver Nuggets,135,L
2025-12-03,New York Knicks,119,Charlotte Hornets,104,W
2025-12-03,Milwaukee Bucks,113,Detroit Pistons,109,W
2025-12-03,Cleveland Cavaliers,110,Portland Trail Blazers,122,L
2025-12-03,Atlanta Hawks,92,LA Clippers,115,L
2025-12-03,Chicago Bulls,103,Brooklyn Nets,113,L
2025-12-03,Dallas Mavericks,118,Miami Heat,108,W
2025-12-04,Philadelphia 76ers,99,Golden State Warriors,98,W
2025-12-04,New Orleans Pelicans,116,Minnesota Timberwolves,125,L
2025-12-04,Toronto Raptors,120,Los Angeles Lakers,123,L
2025-12-04,Brooklyn Nets,110,Utah Jazz,123,L
2025-12-04,Washington Wizards,101,Boston Celtics,146,L
2025-12-05,Atlanta Hawks,133,Denver Nuggets,134,L
2025-12-05,Toronto Raptors,86,Charlotte Hornets,111,L
2025-12-05,Chicago Bulls,105,Indiana Pacers,120,L
2025-12-05,Houston Rockets,117,Phoenix Suns,98,W
2025-12-05,Detroit Pistons,122,Portland Trail Blazers,116,W
2025-12-05,New York Knicks,146,Utah Jazz,112,W
2025-12-05,Cleveland Cavaliers,130,San Antonio Spurs,117,W
2025-12-05,Memphis Grizzlies,107,LA Clippers,98,W
2025-12-05,Oklahoma City Thunder,132,Dallas Mavericks,111,W
2025-12-05,Milwaukee Bucks,101,Philadelphia 76ers,116,L
2025-12-05,Orlando Magic,106,Miami Heat,105,W
2025-12-05,Boston Celtics,126,Los Angeles Lakers,105,W
2025-12-06,Miami Heat,111,Sacramento Kings,127,L
2025-12-06,Minnesota Timberwolves,109,LA Clippers,106,W
2025-12-06,Dallas Mavericks,122,Houston Rockets,109,W
2025-12-06,Washington Wizards,116,Atlanta Hawks,131,L
2025-12-06,Cleveland Cavaliers,94,Golden State Warriors,99,L
2025-12-06,Detroit Pistons,124,Milwaukee Bucks,112,W
2025-12-06,Brooklyn Nets,119,New Orleans Pelicans,101,W
2025-12-07,Utah Jazz,101,Oklahoma City Thunder,131,L
2025-12-07,Chicago Bulls,91,Golden State Warriors,123,L
2025-12-07,Charlotte Hornets,106,Denver Nuggets,115,L
2025-12-07,New York Knicks,106,Orlando Magic,100,W
2025-12-07,Memphis Grizzlies,119,Portland Trail Blazers,96,W
2025-12-07,Philadelphia 76ers,108,Los Angeles Lakers,112,L
2025-12-07,Toronto Raptors,113,Boston Celtics,121,L
2025-12-08,New Orleans Pelicans,132,San Antonio Spurs,135,L
2025-12-08,Minnesota Timberwolves,105,Phoenix Suns,108,L
2025-12-08,Indiana Pacers,116,Sacramento Kings,105,W
2025-12-09,Toronto Raptors,101,New York Knicks,117,L
2025-12-09,Orlando Magic,117,Miami Heat,108,W
2025-12-10,Los Angeles Lakers,119,San Antonio Spurs,132,L
2025-12-10,Oklahoma City Thunder,138,Phoenix Suns,89,W
2025-12-11,New Orleans Pelicans,143,Portland Trail Blazers,120,W
2025-12-11,Milwaukee Bucks,116,Boston Celtics,101,W
2025-12-11,Sacramento Kings,105,Denver Nuggets,136,L
2025-12-11,Houston Rockets,115,LA Clippers,113,W
2025-12-12,Dallas Mavericks,119,Brooklyn Nets,111,W
2025-12-12,Philadelphia 76ers,115,Indiana Pacers,105,W
2025-12-12,Washington Wizards,126,Cleveland Cavaliers,130,L
2025-12-12,Golden State Warriors,120,Minnesota Timberwolves,127,L
2025-12-12,Detroit Pistons,142,Atlanta Hawks,115,W
2025-12-12,Charlotte Hornets,126,Chicago Bulls,129,L
2025-12-12,Memphis Grizzlies,126,Utah Jazz,130,L
2025-12-14,Minnesota Timberwolves,117,Sacramento Kings,103,W
2025-12-14,Phoenix Suns,114,Los Angeles Lakers,116,L
2025-12-14,Indiana Pacers,89,Washington Wizards,108,L
2025-12-14,Chicago Bulls,104,New Orleans Pelicans,114,L
2025-12-14,Atlanta Hawks,120,Philadelphia 76ers,117,W
2025-12-14,Cleveland Cavaliers,111,Charlotte Hornets,119,L
2025-12-14,Brooklyn Nets,127,Milwaukee Bucks,82,W
2025-12-14,Portland Trail Blazers,136,Golden State Warriors,131,W
2025-12-15,Denver Nuggets,128,Houston Rockets,125,W
2025-12-15,Boston Celtics,105,Detroit Pistons,112,L
2025-12-15,LA Clippers,103,Memphis Grizzlies,121,L
2025-12-15,Utah Jazz,140,Dallas Mavericks,133,W
2025-12-15,Miami Heat,96,Toronto Raptors,106,L
2025-12-17,Minnesota Timberwolves,110,Memphis Grizzlies,116,L
2025-12-17,Chicago Bulls,127,Cleveland Cavaliers,111,W
2025-12-18,San Antonio Spurs,119,Washington Wizards,94,W
2025-12-18,Utah Jazz,135,Los Angeles Lakers,143,L
2025-12-18,Dallas Mavericks,116,Detroit Pistons,114,W
2025-12-18,Oklahoma City Thunder,122,LA Clippers,101,W
2025-12-18,Denver Nuggets,126,Orlando Magic,115,W
2025-12-18,New Orleans Pelicans,133,Houston Rockets,128,W
2025-12-18,Phoenix Suns,99,Golden State Warriors,98,W
2025-12-18,Charlotte Hornets,133,Atlanta Hawks,126,W
2025-12-18,Indiana Pacers,113,New York Knicks,114,L
2025-12-18,Milwaukee Bucks,105,Toronto Raptors,111,L
2025-12-18,Brooklyn Nets,95,Miami Heat,106,L
2025-12-18,Portland Trail Blazers,134,Sacramento Kings,133,W
2025-12-19,New York Knicks,107,Philadelphia 76ers,116,L
2025-12-19,Boston Celtics,129,Miami Heat,116,W
2025-12-19,Cleveland Cavaliers,125,Chicago Bulls,136,L
2025-12-19,Atlanta Hawks,98,San Antonio Spurs,126,L
2025-12-19,Minnesota Timberwolves,112,Oklahoma City Thunder,107,W
2025-12-20,New Orleans Pelicans,128,Indiana Pacers,109,W
2025-12-20,Utah Jazz,127,Orlando Magic,128,L
2025-12-20,Toronto Raptors,96,Boston Celtics,112,L
2025-12-20,Detroit Pistons,112,Charlotte Hornets,86,W
2025-12-20,LA Clippers,103,Los Angeles Lakers,88,W
2025-12-20,Sacramento Kings,93,Portland Trail Blazers,98,L
2025-12-20,Philadelphia 76ers,121,Dallas Mavericks,114,W
2025-12-20,Memphis Grizzlies,122,Washington Wizards,130,L
2025-12-20,Golden State Warriors,119,Phoenix Suns,116,W
2025-12-20,Denver Nuggets,101,Houston Rockets,115,L
2025-12-21,Sacramento Kings,125,Houston Rockets,124,W
2025-12-21,Atlanta Hawks,150,Chicago Bulls,152,L
2025-12-21,Washington Wizards,113,San Antonio Spurs,124,L
2025-12-21,Brooklyn Nets,96,Toronto Raptors,81,W
2025-12-21,New York Knicks,132,Miami Heat,125,W
2025-12-21,Minnesota Timberwolves,103,Milwaukee Bucks,100,W
2025-12-22,Portland Trail Blazers,102,Detroit Pistons,110,L
2025-12-22,Boston Celtics,103,Indiana Pacers,95,W
2025-12-22,Cleveland Cavaliers,139,Charlotte Hornets,132,W
2025-12-22,New Orleans Pelicans,119,Dallas Mavericks,113,W
2025-12-22,Golden State Warriors,120,Orlando Magic,97,W
2025-12-22,Denver Nuggets,135,Utah Jazz,112,W
2025-12-22,Oklahoma City Thunder,119,Memphis Grizzlies,103,W
2025-12-23,Dallas Mavericks,131,Denver Nuggets,130,W
2025-12-23,LA Clippers,128,Houston Rockets,108,W
2025-12-23,Cleveland Cavaliers,141,New Orleans Pelicans,118,W
2025-12-23,Philadelphia 76ers,106,Brooklyn Nets,114,L
2025-12-23,Indiana Pacers,94,Milwaukee Bucks,111,L
2025-12-23,Miami Heat,91,Toronto Raptors,112,L
2025-12-23,Portland Trail Blazers,106,Orlando Magic,110,L
2025-12-23,Charlotte Hornets,126,Washington Wizards,109,W
2025-12-23,San Antonio Spurs,130,Oklahoma City Thunder,110,W
2025-12-23,Phoenix Suns,132,Los Angeles Lakers,108,W
2025-12-23,Minnesota Timberwolves,115,New York Knicks,104,W
2025-12-23,Atlanta Hawks,123,Chicago Bulls,126,L
2025-12-23,Utah Jazz,128,Memphis Grizzlies,137,L
2025-12-23,Sacramento Kings,127,Detroit Pistons,136,L
2025-12-25,New York Knicks,126,Cleveland Cavaliers,124,W
2025-12-25,Denver Nuggets,142,Minnesota Timberwolves,138,W
2025-12-25,Oklahoma City Thunder,102,San Antonio Spurs,117,L
2025-12-25,Golden State Warriors,126,Dallas Mavericks,116,W
2025-12-25,Los Angeles Lakers,96,Houston Rockets,119,L
2025-12-26,Chicago Bulls,109,Philadelphia 76ers,102,W
2025-12-26,Washington Wizards,138,Toronto Raptors,117,W
2025-12-26,Indiana Pacers,122,Boston Celtics,140,L
2025-12-26,Portland Trail Blazers,103,LA Clippers,119,L
2025-12-26,Memphis Grizzlies,125,Milwaukee Bucks,104,W
2025-12-26,New Orleans Pelicans,108,Phoenix Suns,115,L
2025-12-26,Atlanta Hawks,111,Miami Heat,126,L
2025-12-26,Orlando Magic,105,Charlotte Hornets,120,L
2025-12-26,Utah Jazz,131,Detroit Pistons,129,W
2025-12-27,Miami Heat,142,Indiana Pacers,116,W
2025-12-27,San Antonio Spurs,114,Utah Jazz,127,L
2025-12-27,Sacramento Kings,113,Dallas Mavericks,107,W
2025-12-27,Houston Rockets,117,Cleveland Cavaliers,100,W
2025-12-27,Orlando Magic,127,Denver Nuggets,126,W
2025-12-27,Atlanta Hawks,125,New York Knicks,128,L
2025-12-27,Minnesota Timberwolves,107,Brooklyn Nets,123,L
2025-12-27,Chicago Bulls,103,Milwaukee Bucks,112,L
2025-12-27,New Orleans Pelicans,114,Phoenix Suns,123,L
2025-12-28,Portland Trail Blazers,114,Boston Celtics,108,W
2025-12-28,Los Angeles Lakers,125,Sacramento Kings,101,W
2025-12-28,Toronto Raptors,141,Golden State Warriors,127,W
2025-12-28,Oklahoma City Thunder,129,Philadelphia 76ers,104,W
2025-12-28,LA Clippers,112,Detroit Pistons,99,W
2025-12-28,Washington Wizards,116,Memphis Grizzlies,112,W
2025-12-29,Toronto Raptors,107,Orlando Magic,106,W
2025-12-29,Charlotte Hornets,113,Milwaukee Bucks,123,L
2025-12-29,Chicago Bulls,101,Minnesota Timberwolves,136,L
2025-12-29,Brooklyn Nets,107,Golden State Warriors,120,L
2025-12-29,Miami Heat,147,Denver Nuggets,123,W
2025-12-29,Washington Wizards,101,Phoenix Suns,115,L
2025-12-29,Oklahoma City Thunder,140,Atlanta Hawks,129,W
2025-12-29,New Orleans Pelicans,125,New York Knicks,130,L
2025-12-29,Portland Trail Blazers,125,Dallas Mavericks,122,W
2025-12-29,San Antonio Spurs,101,Cleveland Cavaliers,113,L
2025-12-29,Houston Rockets,126,Indiana Pacers,119,W
2025-12-30,Los Angeles Lakers,106,Detroit Pistons,128,L
2025-12-30,Utah Jazz,119,Boston Celtics,129,L
2025-12-30,Memphis Grizzlies,136,Philadelphia 76ers,139,L
2025-12-30,LA Clippers,131,Sacramento Kings,90,W
2025-12-31,Oklahoma City Thunder,124,Portland Trail Blazers,95,W
2025-12-31,Milwaukee Bucks,113,Washington Wizards,114,L
2025-12-31,San Antonio Spurs,134,New York Knicks,132,W
2025-12-31,Indiana Pacers,110,Orlando Magic,112,L
2025-12-31,Cleveland Cavaliers,129,Phoenix Suns,113,W
2025-12-31,Toronto Raptors,103,Denver Nuggets,106,L
2025-12-31,Atlanta Hawks,126,Minnesota Timberwolves,102,W
2025-12-31,Charlotte Hornets,125,Golden State Warriors,132,L
2025-12-31,Chicago Bulls,134,New Orleans Pelicans,118,W
2026-01-01,Brooklyn Nets,96,Houston Rockets,120,L
2026-01-01,LA Clippers,118,Utah Jazz,101,W
2026-01-01,Sacramento Kings,106,Boston Celtics,120,L
2026-01-01,Dallas Mavericks,108,Philadelphia 76ers,123,L
2026-01-01,Detroit Pistons,112,Miami Heat,118,L
2026-01-02,Milwaukee Bucks,122,Charlotte Hornets,121,W
2026-01-02,New York Knicks,99,Atlanta Hawks,111,L
2026-01-02,New Orleans Pelicans,109,Portland Trail Blazers,122,L
2026-01-02,Golden State Warriors,94,Oklahoma City Thunder,131,L
2026-01-02,Los Angeles Lakers,128,Memphis Grizzlies,121,W
2026-01-02,Chicago Bulls,121,Orlando Magic,114,W
2026-01-02,Washington Wizards,119,Brooklyn Nets,99,W
2026-01-02,Indiana Pacers,113,San Antonio Spurs,123,L
2026-01-02,Phoenix Suns,129,Sacramento Kings,102,W
2026-01-02,Cleveland Cavaliers,113,Denver Nuggets,108,W
2026-01-03,San Antonio Spurs,110,Portland Trail Blazers,115,L
2026-01-03,Toronto Raptors,134,Atlanta Hawks,117,W
2026-01-03,Golden State Warriors,123,Utah Jazz,114,W
2026-01-03,Dallas Mavericks,110,Houston Rockets,104,W
2026-01-03,Miami Heat,115,Minnesota Timberwolves,125,L
2026-01-03,New York Knicks,119,Philadelphia 76ers,130,L
2026-01-03,LA Clippers,115,Boston Celtics,146,L
2026-01-03,Chicago Bulls,99,Charlotte Hornets,112,L
2026-01-04,Sacramento Kings,98,Milwaukee Bucks,115,L
2026-01-04,Brooklyn Nets,127,Denver Nuggets,115,W
2026-01-04,Cleveland Cavaliers,110,Detroit Pistons,114,L
2026-01-04,Phoenix Suns,108,Oklahoma City Thunder,105,W
2026-01-04,Orlando Magic,135,Indiana Pacers,127,W
2026-01-04,Washington Wizards,115,Minnesota Timberwolves,141,L
2026-01-04,Miami Heat,125,New Orleans Pelicans,106,W
2026-01-04,Los Angeles Lakers,120,Memphis Grizzlies,114,W
2026-01-05,Detroit Pistons,121,New York Knicks,90,W
2026-01-05,Oklahoma City Thunder,97,Charlotte Hornets,124,L
2026-01-05,Houston Rockets,100,Phoenix Suns,97,W
2026-01-05,Toronto Raptors,118,Atlanta Hawks,100,W
2026-01-05,Boston Celtics,115,Chicago Bulls,101,W
2026-01-05,Portland Trail Blazers,137,Utah Jazz,117,W
2026-01-05,Philadelphia 76ers,124,Denver Nuggets,125,L
2026-01-05,LA Clippers,103,Golden State Warriors,102,W
2026-01-06,Minnesota Timberwolves,122,Miami Heat,94,W
2026-01-06,Memphis Grizzlies,106,San Antonio Spurs,105,W
2026-01-06,Indiana Pacers,116,Cleveland Cavaliers,120,L
2026-01-06,Washington Wizards,120,Orlando Magic,112,W
2026-01-06,Sacramento Kings,98,Dallas Mavericks,100,L
2026-01-06,New Orleans Pelicans,103,Los Angeles Lakers,111,L
2026-01-07,San Antonio Spurs,107,Los Angeles Lakers,91,W
2026-01-07,Charlotte Hornets,96,Toronto Raptors,97,L
2026-01-07,Boston Celtics,110,Denver Nuggets,114,L
2026-01-07,Brooklyn Nets,103,Orlando Magic,104,L
2026-01-07,Detroit Pistons,108,Chicago Bulls,93,W
2026-01-07,New York Knicks,123,LA Clippers,111,W
2026-01-07,Atlanta Hawks,117,New Orleans Pelicans,100,W
2026-01-07,Philadelphia 76ers,131,Washington Wizards,110,W
2026-01-07,Oklahoma City Thunder,129,Utah Jazz,125,W
2026-01-07,Golden State Warriors,120,Milwaukee Bucks,113,W
2026-01-07,Portland Trail Blazers,103,Houston Rockets,102,W
2026-01-07,Memphis Grizzlies,98,Phoenix Suns,117,L
2026-01-08,Utah Jazz,116,Dallas Mavericks,114,W
2026-01-08,Minnesota Timberwolves,131,Cleveland Cavaliers,122,W
2026-01-08,Charlotte Hornets,112,Indiana Pacers,114,L
2026-01-09,Golden State Warriors,137,Sacramento Kings,103,W
2026-01-09,Phoenix Suns,112,New York Knicks,107,W
2026-01-09,Los Angeles Lakers,101,Milwaukee Bucks,105,L
2026-01-09,Orlando Magic,91,Philadelphia 76ers,103,L
2026-01-09,Washington Wizards,107,New Orleans Pelicans,128,L
2026-01-09,Memphis Grizzlies,116,Oklahoma City Thunder,117,L
2026-01-09,Boston Celtics,125,Toronto Raptors,117,W
2026-01-09,Brooklyn Nets,105,LA Clippers,121,L
2026-01-09,Portland Trail Blazers,111,Houston Rockets,105,W
2026-01-09,Denver Nuggets,87,Atlanta Hawks,110,L
2026-01-10,Cleveland Cavaliers,146,Minnesota Timberwolves,134,W
2026-01-10,Detroit Pistons,92,LA Clippers,98,L
2026-01-10,Chicago Bulls,125,Dallas Mavericks,107,W
2026-01-10,Boston Celtics,95,San Antonio Spurs,100,L
2026-01-10,Indiana Pacers,123,Miami Heat,99,W
2026-01-10,Utah Jazz,95,Charlotte Hornets,150,L
2026-01-11,Oklahoma City Thunder,124,Miami Heat,112,W
2026-01-11,Toronto Raptors,116,Philadelphia 76ers,115,W
2026-01-11,Portland Trail Blazers,114,New York Knicks,123,L
2026-01-11,Orlando Magic,128,New Orleans Pelicans,118,W
2026-01-11,Phoenix Suns,112,Washington Wizards,93,W
2026-01-11,Golden State Warriors,111,Atlanta Hawks,124,L
2026-01-11,Sacramento Kings,111,Houston Rockets,98,W
2026-01-11,Minnesota Timberwolves,104,San Antonio Spurs,103,W
2026-01-11,Denver Nuggets,108,Milwaukee Bucks,104,W
2026-01-11,Memphis Grizzlies,103,Brooklyn Nets,98,W
2026-01-12,LA Clippers,117,Charlotte Hornets,109,W
2026-01-12,Sacramento Kings,124,Los Angeles Lakers,112,W
2026-01-12,Dallas Mavericks,113,Brooklyn Nets,105,W
2026-01-12,Toronto Raptors,102,Philadelphia 76ers,115,L
2026-01-12,Indiana Pacers,98,Boston Celtics,96,W
2026-01-12,Cleveland Cavaliers,112,Utah Jazz,123,L
2026-01-13,Milwaukee Bucks,106,Minnesota Timberwolves,139,L
2026-01-13,Houston Rockets,119,Chicago Bulls,113,W
2026-01-13,Los Angeles Lakers,141,Atlanta Hawks,116,W
2026-01-13,Oklahoma City Thunder,119,San Antonio Spurs,98,W
2026-01-13,Golden State Warriors,119,Portland Trail Blazers,97,W
2026-01-13,Miami Heat,127,Phoenix Suns,121,W
2026-01-13,New Orleans Pelicans,116,Denver Nuggets,122,L
2026-01-14,Dallas Mavericks,109,Denver Nuggets,118,L
2026-01-14,New Orleans Pelicans,116,Brooklyn Nets,113,W
2026-01-14,Philadelphia 76ers,107,Cleveland Cavaliers,133,L
2026-01-14,Sacramento Kings,112,New York Knicks,101,W
2026-01-14,LA Clippers,119,Washington Wizards,105,W
2026-01-14,Indiana Pacers,101,Toronto Raptors,115,L
2026-01-14,Chicago Bulls,128,Utah Jazz,126,W
2026-01-15,San Antonio Spurs,119,Milwaukee Bucks,101,W
2026-01-15,Portland Trail Blazers,117,Atlanta Hawks,101,W
2026-01-15,Miami Heat,114,Boston Celtics,119,L
2026-01-15,Golden State Warriors,126,New York Knicks,113,W
2026-01-15,Detroit Pistons,108,Phoenix Suns,105,W
2026-01-15,Los Angeles Lakers,117,Charlotte Hornets,135,L
2026-01-15,Houston Rockets,91,Oklahoma City Thunder,111,L
2026-01-15,Dallas Mavericks,144,Utah Jazz,122,W
2026-01-16,Houston Rockets,110,Minnesota Timberwolves,105,W
2026-01-16,Philadelphia 76ers,115,Cleveland Cavaliers,117,L
2026-01-16,Brooklyn Nets,112,Chicago Bulls,109,W
2026-01-16,Indiana Pacers,127,New Orleans Pelicans,119,W
2026-01-16,Toronto Raptors,117,LA Clippers,121,L
2026-01-16,Sacramento Kings,128,Washington Wizards,115,W
2026-01-17,San Antonio Spurs,126,Minnesota Timberwolves,123,W
2026-01-17,New York Knicks,99,Phoenix Suns,106,L
2026-01-17,Portland Trail Blazers,132,Los Angeles Lakers,116,W
2026-01-17,Detroit Pistons,121,Indiana Pacers,78,W
2026-01-17,Denver Nuggets,121,Washington Wizards,115,W
2026-01-17,Dallas Mavericks,138,Utah Jazz,120,W
2026-01-17,Atlanta Hawks,106,Boston Celtics,132,L
2026-01-17,Miami Heat,122,Oklahoma City Thunder,120,W
2026-01-17,Golden State Warriors,136,Charlotte Hornets,116,W
2026-01-18,Los Angeles Lakers,110,Toronto Raptors,93,W
2026-01-18,Denver Nuggets,87,Charlotte Hornets,110,L
2026-01-18,Chicago Bulls,124,Brooklyn Nets,102,W
2026-01-18,Sacramento Kings,110,Portland Trail Blazers,117,L
2026-01-18,Houston Rockets,119,New Orleans Pelicans,110,W
2026-01-19,Philadelphia 76ers,113,Indiana Pacers,104,W
2026-01-19,New York Knicks,97,Dallas Mavericks,114,L
2026-01-19,Washington Wizards,106,LA Clippers,110,L
2026-01-19,Detroit Pistons,104,Boston Celtics,103,W
2026-01-19,San Antonio Spurs,123,Utah Jazz,110,W
2026-01-19,Atlanta Hawks,110,Milwaukee Bucks,112,L
2026-01-19,Cleveland Cavaliers,104,Oklahoma City Thunder,136,L
2026-01-19,Brooklyn Nets,117,Phoenix Suns,126,L
2026-01-19,Golden State Warriors,135,Miami Heat,112,W
2026-01-20,Sacramento Kings,117,Miami Heat,130,L
2026-01-20,Denver Nuggets,107,Los Angeles Lakers,115,L
2026-01-20,Philadelphia 76ers,110,Phoenix Suns,116,L
2026-01-20,Golden State Warriors,127,Toronto Raptors,145,L
2026-01-20,Chicago Bulls,138,LA Clippers,110,W
2026-01-20,Utah Jazz,127,Minnesota Timberwolves,122,W
2026-01-20,Houston Rockets,111,San Antonio Spurs,106,W
2026-01-21,Milwaukee Bucks,102,Oklahoma City Thunder,122,L
2026-01-21,Boston Celtics,119,Indiana Pacers,104,W
2026-01-21,Memphis Grizzlies,122,Atlanta Hawks,124,L
2026-01-21,Sacramento Kings,109,Toronto Raptors,122,L
2026-01-21,New Orleans Pelicans,104,Detroit Pistons,112,L
2026-01-21,New York Knicks,120,Brooklyn Nets,66,W
2026-01-21,Charlotte Hornets,87,Cleveland Cavaliers,94,L
2026-01-22,Dallas Mavericks,123,Golden State Warriors,115,W
2026-01-22,Utah Jazz,109,San Antonio Spurs,126,L
2026-01-22,Philadelphia 76ers,128,Houston Rockets,122,W
2026-01-22,LA Clippers,112,Los Angeles Lakers,104,W
2026-01-22,Washington Wizards,97,Denver Nuggets,107,L
2026-01-22,Minnesota Timberwolves,115,Chicago Bulls,120,L
2026-01-22,Orlando Magic,97,Charlotte Hornets,124,L
2026-01-22,Portland Trail Blazers,127,Miami Heat,110,W
2026-01-23,Oklahoma City Thunder,114,Indiana Pacers,117,L
2026-01-23,Memphis Grizzlies,127,New Orleans Pelicans,133,L
2026-01-23,Milwaukee Bucks,100,Denver Nuggets,102,L
2026-01-23,Atlanta Hawks,110,Phoenix Suns,103,W
2026-01-23,Cleveland Cavaliers,123,Sacramento Kings,118,W
2026-01-23,Brooklyn Nets,126,Boston Celtics,130,L
2026-01-23,Portland Trail Blazers,98,Toronto Raptors,110,L
2026-01-23,Detroit Pistons,104,Houston Rockets,111,L
2026-01-24,Utah Jazz,116,Miami Heat,147,L
2026-01-24,Dallas Mavericks,110,Los Angeles Lakers,116,L
2026-01-24,Charlotte Hornets,119,Washington Wizards,115,W
2026-01-24,Orlando Magic,105,Cleveland Cavaliers,119,L
2026-01-24,Philadelphia 76ers,109,New York Knicks,112,L
2026-01-24,Chicago Bulls,114,Boston Celtics,111,W
2026-01-25,LA Clippers,126,Brooklyn Nets,89,W
2026-01-25,Oklahoma City Thunder,101,Toronto Raptors,103,L
2026-01-25,Phoenix Suns,102,Miami Heat,111,L
2026-01-25,Minnesota Timberwolves,85,Golden State Warriors,111,L
2026-01-25,San Antonio Spurs,95,New Orleans Pelicans,104,L
2026-01-25,Detroit Pistons,139,Sacramento Kings,116,W
2026-01-26,Boston Celtics,102,Portland Trail Blazers,94,W
2026-01-26,Minnesota Timberwolves,108,Golden State Warriors,83,W
2026-01-26,Houston Rockets,108,Memphis Grizzlies,99,W
2026-01-26,Charlotte Hornets,130,Philadelphia 76ers,93,W
2026-01-26,Atlanta Hawks,132,Indiana Pacers,116,W
2026-01-26,Chicago Bulls,118,Los Angeles Lakers,129,L
2026-01-26,Cleveland Cavaliers,114,Orlando Magic,98,W
2026-01-27,Philadelphia 76ers,139,Milwaukee Bucks,122,W
2026-01-27,New York Knicks,103,Sacramento Kings,87,W
2026-01-27,Washington Wizards,115,Portland Trail Blazers,111,W
2026-01-27,Phoenix Suns,106,Brooklyn Nets,102,W
2026-01-27,Utah Jazz,103,LA Clippers,115,L
2026-01-27,Denver Nuggets,107,Detroit Pistons,109,L
2026-01-27,Oklahoma City Thunder,104,New Orleans Pelicans,95,W
2026-01-28,Memphis Grizzlies,97,Charlotte Hornets,112,L
2026-01-28,Houston Rockets,99,San Antonio Spurs,111,L
2026-01-28,Indiana Pacers,113,Chicago Bulls,110,W
2026-01-28,Utah Jazz,124,Golden State Warriors,140,L
2026-01-28,Toronto Raptors,92,New York Knicks,119,L
2026-01-28,Dallas Mavericks,105,Minnesota Timberwolves,118,L
2026-01-28,Miami Heat,124,Orlando Magic,133,L
2026-01-28,Cleveland Cavaliers,129,Los Angeles Lakers,99,W
2026-01-28,Boston Celtics,106,Atlanta Hawks,117,L
2026-01-29,Philadelphia 76ers,113,Sacramento Kings,111,W
2026-01-29,Phoenix Suns,114,Detroit Pistons,96,W
2026-01-29,Chicago Bulls,113,Miami Heat,116,L
2026-01-29,Dallas Mavericks,121,Charlotte Hornets,123,L
2026-01-29,Denver Nuggets,107,Brooklyn Nets,103,W
2026-01-29,Washington Wizards,109,Milwaukee Bucks,99,W
2026-01-29,Atlanta Hawks,86,Houston Rockets,104,L
2026-01-29,Minnesota Timberwolves,123,Oklahoma City Thunder,111,W
2026-01-30,Utah Jazz,99,Brooklyn Nets,109,L
2026-01-30,New Orleans Pelicans,114,Memphis Grizzlies,106,W
2026-01-30,Phoenix Suns,126,Cleveland Cavaliers,113,W
2026-01-30,Boston Celtics,112,Sacramento Kings,93,W
2026-01-30,Washington Wizards,111,Los Angeles Lakers,142,L
2026-01-30,Orlando Magic,130,Toronto Raptors,120,W
2026-01-30,New York Knicks,127,Portland Trail Blazers,97,W
2026-01-30,Golden State Warriors,124,Detroit Pistons,131,L
2026-01-30,Denver Nuggets,122,LA Clippers,109,W
2026-01-31,Houston Rockets,111,Dallas Mavericks,107,W
2026-01-31,Charlotte Hornets,111,San Antonio Spurs,106,W
2026-01-31,Memphis Grizzlies,114,Minnesota Timberwolves,131,L
2026-01-31,Miami Heat,118,Chicago Bulls,125,L
2026-01-31,Philadelphia 76ers,124,New Orleans Pelicans,114,W
2026-01-31,Indiana Pacers,129,Atlanta Hawks,124,W
2026-02-01,New York Knicks,112,Los Angeles Lakers,100,W
2026-02-01,Phoenix Suns,93,LA Clippers,117,L
2026-02-01,Detroit Pistons,130,Brooklyn Nets,77,W
2026-02-01,Portland Trail Blazers,111,Cleveland Cavaliers,130,L
2026-02-01,Boston Celtics,107,Milwaukee Bucks,79,W
2026-02-01,Miami Heat,134,Chicago Bulls,91,W
2026-02-01,Toronto Raptors,107,Utah Jazz,100,W
2026-02-01,Washington Wizards,116,Sacramento Kings,112,W
2026-02-01,Denver Nuggets,111,Oklahoma City Thunder,121,L
2026-02-01,San Antonio Spurs,112,Orlando Magic,103,W
2026-02-02,Indiana Pacers,114,Houston Rockets,118,L
2026-02-02,Memphis Grizzlies,137,Minnesota Timberwolves,128,W
2026-02-02,LA Clippers,113,Philadelphia 76ers,128,L
2026-02-02,Charlotte Hornets,102,New Orleans Pelicans,95,W
2026-02-03,Golden State Warriors,94,Philadelphia 76ers,113,L
2026-02-03,Milwaukee Bucks,131,Chicago Bulls,115,W
2026-02-03,Miami Heat,115,Atlanta Hawks,127,L
2026-02-03,Oklahoma City Thunder,128,Orlando Magic,92,W
2026-02-03,Brooklyn Nets,109,Los Angeles Lakers,125,L
2026-02-03,Dallas Mavericks,100,Boston Celtics,110,L
2026-02-03,Detroit Pistons,124,Denver Nuggets,121,W
2026-02-03,Indiana Pacers,122,Utah Jazz,131,L
2026-02-03,Washington Wizards,101,New York Knicks,132,L
2026-02-03,Portland Trail Blazers,125,Phoenix Suns,130,L
2026-02-04,New York Knicks,134,Denver Nuggets,127,W
2026-02-04,Toronto Raptors,126,Minnesota Timberwolves,128,L
2026-02-04,Milwaukee Bucks,141,New Orleans Pelicans,137,W
2026-02-04,Sacramento Kings,125,Memphis Grizzlies,129,L
2026-02-04,Houston Rockets,93,Boston Celtics,114,L
2026-02-04,San Antonio Spurs,116,Oklahoma City Thunder,106,W
2026-02-04,LA Clippers,91,Cleveland Cavaliers,124,L
2026-02-05,Orlando Magic,118,Brooklyn Nets,98,W
2026-02-05,Phoenix Suns,97,Golden State Warriors,101,L
2026-02-05,Dallas Mavericks,123,San Antonio Spurs,135,L
2026-02-05,Houston Rockets,99,Charlotte Hornets,109,L
2026-02-05,Toronto Raptors,123,Chicago Bulls,107,W
2026-02-05,Los Angeles Lakers,119,Philadelphia 76ers,115,W
2026-02-05,Atlanta Hawks,121,Utah Jazz,119,W
2026-02-05,Detroit Pistons,117,Washington Wizards,126,L
2026-02-06,Boston Celtics,98,Miami Heat,96,W
2026-02-06,Milwaukee Bucks,105,Indiana Pacers,99,W
2026-02-06,Detroit Pistons,118,New York Knicks,80,W
2026-02-06,Sacramento Kings,111,LA Clippers,114,L
2026-02-06,Portland Trail Blazers,135,Memphis Grizzlies,115,W
2026-02-06,Minnesota Timberwolves,115,New Orleans Pelicans,119,L
2026-02-07,Phoenix Suns,103,Philadelphia 76ers,109,L
2026-02-07,Orlando Magic,120,Utah Jazz,117,W
2026-02-07,Los Angeles Lakers,105,Golden State Warriors,99,W
2026-02-07,Oklahoma City Thunder,106,Houston Rockets,112,L
2026-02-07,Portland Trail Blazers,122,Memphis Grizzlies,115,W
2026-02-07,Brooklyn Nets,127,Washington Wizards,113,W
2026-02-07,San Antonio Spurs,138,Dallas Mavericks,125,W
2026-02-07,Chicago Bulls,120,Denver Nuggets,136,L
2026-02-07,Atlanta Hawks,119,Charlotte Hornets,126,L
2026-02-07,Sacramento Kings,126,Cleveland Cavaliers,132,L
2026-02-08,Boston Celtics,89,New York Knicks,111,L
2026-02-08,Toronto Raptors,122,Indiana Pacers,104,W
2026-02-08,Minnesota Timberwolves,96,LA Clippers,115,L
2026-02-08,Washington Wizards,101,Miami Heat,132,L
2026-02-09,New Orleans Pelicans,120,Sacramento Kings,94,W
2026-02-09,Miami Heat,111,Utah Jazz,115,L
2026-02-09,Los Angeles Lakers,110,Oklahoma City Thunder,119,L
2026-02-09,Brooklyn Nets,123,Chicago Bulls,115,W
2026-02-09,Charlotte Hornets,104,Detroit Pistons,110,L
2026-02-09,Denver Nuggets,117,Cleveland Cavaliers,119,L
2026-02-09,Minnesota Timberwolves,138,Atlanta Hawks,116,W
2026-02-09,Orlando Magic,118,Milwaukee Bucks,99,W
2026-02-09,Golden State Warriors,114,Memphis Grizzlies,113,W
2026-02-09,Portland Trail Blazers,135,Philadelphia 76ers,118,W
2026-02-10,New York Knicks,134,Indiana Pacers,137,L
2026-02-10,Los Angeles Lakers,108,San Antonio Spurs,136,L
2026-02-10,Houston Rockets,102,LA Clippers,95,W
2026-02-10,Phoenix Suns,120,Dallas Mavericks,111,W
2026-02-11,Brooklyn Nets,110,Indiana Pacers,115,L
2026-02-11,Philadelphia 76ers,89,New York Knicks,138,L
2026-02-11,Phoenix Suns,109,Oklahoma City Thunder,136,L
2026-02-11,Boston Celtics,124,Chicago Bulls,105,W
2026-02-11,Houston Rockets,102,LA Clippers,105,L
2026-02-11,Cleveland Cavaliers,138,Washington Wizards,113,W
2026-02-11,Golden State Warriors,113,San Antonio Spurs,126,L
2026-02-11,Utah Jazz,121,Sacramento Kings,93,W
2026-02-11,Minnesota Timberwolves,133,Portland Trail Blazers,109,W
2026-02-11,Toronto Raptors,95,Detroit Pistons,113,L
2026-02-11,Charlotte Hornets,110,Atlanta Hawks,107,W
2026-02-11,New Orleans Pelicans,111,Miami Heat,123,L
2026-02-11,Orlando Magic,108,Milwaukee Bucks,116,L
2026-02-11,Denver Nuggets,122,Memphis Grizzlies,116,W
2026-02-12,Los Angeles Lakers,124,Dallas Mavericks,104,W
2026-02-12,Utah Jazz,119,Portland Trail Blazers,135,L
2026-02-12,Oklahoma City Thunder,93,Milwaukee Bucks,110,L
2026-02-19,LA Clippers,115,Denver Nuggets,114,W
2026-02-19,Sacramento Kings,94,Orlando Magic,131,L
2026-02-19,Philadelphia 76ers,107,Atlanta Hawks,117,L
2026-02-19,Chicago Bulls,101,Toronto Raptors,110,L
2026-02-19,Charlotte Hornets,101,Houston Rockets,105,L
2026-02-19,Cleveland Cavaliers,112,Brooklyn Nets,84,W
2026-02-19,Golden State Warriors,110,Boston Celtics,121,L
2026-02-19,Washington Wizards,112,Indiana Pacers,105,W
2026-02-19,New York Knicks,111,Detroit Pistons,126,L
2026-02-19,San Antonio Spurs,121,Phoenix Suns,94,W
2026-02-20,Minnesota Timberwolves,122,Dallas Mavericks,111,W
2026-02-20,Los Angeles Lakers,125,LA Clippers,122,W
2026-02-20,Atlanta Hawks,97,Miami Heat,128,L
2026-02-20,Memphis Grizzlies,123,Utah Jazz,114,W
2026-02-20,New Orleans Pelicans,118,Milwaukee Bucks,139,L
2026-02-20,Oklahoma City Thunder,105,Brooklyn Nets,86,W
2026-02-20,Charlotte Hornets,113,Cleveland Cavaliers,118,L
2026-02-20,Washington Wizards,131,Indiana Pacers,118,W
2026-02-20,Portland Trail Blazers,103,Denver Nuggets,157,L
2026-02-21,Chicago Bulls,110,Detroit Pistons,126,L
2026-02-21,San Antonio Spurs,139,Sacramento Kings,122,W
2026-02-21,New York Knicks,108,Houston Rockets,106,W
2026-02-21,Miami Heat,136,Memphis Grizzlies,120,W
2026-02-21,Phoenix Suns,113,Orlando Magic,110,W
2026-02-21,New Orleans Pelicans,126,Philadelphia 76ers,111,W
2026-02-22,Indiana Pacers,130,Dallas Mavericks,134,L
2026-02-22,Los Angeles Lakers,89,Boston Celtics,111,L
2026-02-22,Milwaukee Bucks,94,Toronto Raptors,122,L
2026-02-22,Minnesota Timberwolves,108,Philadelphia 76ers,135,L
2026-02-22,Oklahoma City Thunder,121,Cleveland Cavaliers,113,W
2026-02-22,Golden State Warriors,128,Denver Nuggets,117,W
2026-02-22,Chicago Bulls,99,New York Knicks,105,L
2026-02-22,Phoenix Suns,77,Portland Trail Blazers,92,L
2026-02-22,Atlanta Hawks,115,Brooklyn Nets,104,W
2026-02-22,LA Clippers,109,Orlando Magic,111,L
2026-02-22,Washington Wizards,112,Charlotte Hornets,129,L
2026-02-23,Detroit Pistons,103,San Antonio Spurs,114,L
2026-02-23,Houston Rockets,125,Utah Jazz,105,W
2026-02-23,Memphis Grizzlies,114,Sacramento Kings,123,L
2026-02-24,Toronto Raptors,107,Oklahoma City Thunder,116,L
2026-02-24,Brooklyn Nets,114,Dallas Mavericks,123,L
2026-02-24,Los Angeles Lakers,109,Orlando Magic,110,L
2026-02-24,Portland Trail Blazers,121,Minnesota Timberwolves,124,L
2026-02-24,Cleveland Cavaliers,109,New York Knicks,94,W
2026-02-24,Milwaukee Bucks,128,Miami Heat,117,W
2026-02-24,New Orleans Pelicans,113,Golden State Warriors,109,W
2026-02-24,Chicago Bulls,99,Charlotte Hornets,131,L
2026-02-24,Atlanta Hawks,119,Washington Wizards,98,W
2026-02-24,Indiana Pacers,114,Philadelphia 76ers,135,L
2026-02-24,Phoenix Suns,81,Boston Celtics,97,L
2026-02-25,Toronto Raptors,107,San Antonio Spurs,110,L
2026-02-25,Houston Rockets,128,Sacramento Kings,97,W
2026-02-25,Detroit Pistons,124,Oklahoma City Thunder,116,W
2026-02-25,Denver Nuggets,103,Boston Celtics,84,W
2026-02-25,Milwaukee Bucks,118,Cleveland Cavaliers,116,W
2026-02-25,Memphis Grizzlies,112,Golden State Warriors,133,L
2026-02-26,Dallas Mavericks,121,Sacramento Kings,130,L
2026-02-26,Philadelphia 76ers,124,Miami Heat,117,W
2026-02-26,Phoenix Suns,113,Los Angeles Lakers,110,W
2026-02-26,Brooklyn Nets,110,San Antonio Spurs,126,L
2026-02-26,Utah Jazz,118,New Orleans Pelicans,129,L
2026-02-26,LA Clippers,88,Minnesota Timberwolves,94,L
2026-02-26,Indiana Pacers,109,Charlotte Hornets,133,L
2026-02-26,Chicago Bulls,112,Portland Trail Blazers,121,L
2026-02-26,Atlanta Hawks,126,Washington Wizards,96,W
2026-02-26,Orlando Magic,108,Houston Rockets,113,L
2026-02-27,Dallas Mavericks,105,Memphis Grizzlies,124,L
2026-02-27,Oklahoma City Thunder,127,Denver Nuggets,121,W
2026-02-27,Milwaukee Bucks,98,New York Knicks,127,L
2026-02-27,Boston Celtics,148,Brooklyn Nets,111,W
2026-02-27,Detroit Pistons,122,Cleveland Cavaliers,119,W
2026-02-28,Washington Wizards,125,Toronto Raptors,134,L
2026-02-28,Charlotte Hornets,109,Portland Trail Blazers,93,W
2026-02-28,Miami Heat,115,Houston Rockets,105,W
2026-02-28,Golden State Warriors,101,Los Angeles Lakers,129,L
2026-02-28,Utah Jazz,105,New Orleans Pelicans,115,L
2026-03-01,Chicago Bulls,120,Milwaukee Bucks,97,W
2026-03-01,Boston Celtics,114,Philadelphia 76ers,98,W
2026-03-01,Denver Nuggets,108,Minnesota Timberwolves,117,L
2026-03-01,New York Knicks,114,San Antonio Spurs,89,W
2026-03-01,Atlanta Hawks,135,Portland Trail Blazers,101,W
2026-03-01,Indiana Pacers,106,Memphis Grizzlies,125,L
2026-03-01,Brooklyn Nets,102,Cleveland Cavaliers,106,L
2026-03-01,LA Clippers,137,New Orleans Pelicans,117,W
2026-03-01,Orlando Magic,92,Detroit Pistons,106,L
2026-03-01,Dallas Mavericks,87,Oklahoma City Thunder,100,L
2026-03-01,Los Angeles Lakers,128,Sacramento Kings,104,W
2026-03-02,Milwaukee Bucks,81,Boston Celtics,108,L
2026-03-02,Utah Jazz,125,Denver Nuggets,128,L
2026-03-02,Washington Wizards,118,Houston Rockets,123,L
2026-03-02,Golden State Warriors,101,LA Clippers,114,L
2026-03-03,Orlando Magic,126,Washington Wizards,109,W
2026-03-03,Chicago Bulls,108,Oklahoma City Thunder,116,L
2026-03-03,Miami Heat,124,Brooklyn Nets,98,W
2026-03-03,Charlotte Hornets,117,Dallas Mavericks,90,W
2026-03-03,Toronto Raptors,95,New York Knicks,111,L
2026-03-03,Sacramento Kings,103,Phoenix Suns,114,L
2026-03-03,Los Angeles Lakers,110,New Orleans Pelicans,101,W
2026-03-03,Cleveland Cavaliers,113,Detroit Pistons,109,W
2026-03-03,Minnesota Timberwolves,117,Memphis Grizzlies,110,W
2026-03-03,Philadelphia 76ers,91,San Antonio Spurs,131,L
2026-03-04,Milwaukee Bucks,113,Atlanta Hawks,131,L
2026-03-04,LA Clippers,130,Indiana Pacers,107,W
2026-03-04,Boston Celtics,89,Charlotte Hornets,118,L
2026-03-04,New York Knicks,100,Oklahoma City Thunder,103,L
2026-03-04,Philadelphia 76ers,106,Utah Jazz,102,W
2026-03-04,Memphis Grizzlies,114,Portland Trail Blazers,122,L
2026-03-05,Minnesota Timberwolves,115,Toronto Raptors,107,W
2026-03-05,Miami Heat,126,Brooklyn Nets,110,W
2026-03-05,Washington Wizards,112,Utah Jazz,122,L
2026-03-05,Denver Nuggets,120,Los Angeles Lakers,113,W
2026-03-05,Houston Rockets,113,Golden State Warriors,115,L
2026-03-05,San Antonio Spurs,121,Detroit Pistons,106,W
2026-03-05,Sacramento Kings,123,New Orleans Pelicans,133,L
2026-03-05,Orlando Magic,115,Dallas Mavericks,114,W
2026-03-05,Phoenix Suns,103,Chicago Bulls,105,L
2026-03-06,Houston Rockets,106,Portland Trail Blazers,99,W
2026-03-06,Boston Celtics,120,Dallas Mavericks,100,W
2026-03-06,Phoenix Suns,118,New Orleans Pelicans,116,W
2026-03-06,Charlotte Hornets,120,Miami Heat,128,L
2026-03-06,Los Angeles Lakers,128,Indiana Pacers,117,W
2026-03-06,Denver Nuggets,103,New York Knicks,142,L
2026-03-06,San Antonio Spurs,116,LA Clippers,112,W
2026-03-07,Detroit Pistons,105,Brooklyn Nets,107,L
2026-03-07,Minnesota Timberwolves,92,Orlando Magic,119,L
2026-03-07,Atlanta Hawks,125,Philadelphia 76ers,116,W
2026-03-07,Memphis Grizzlies,120,LA Clippers,123,L
2026-03-07,Milwaukee Bucks,113,Utah Jazz,99,W
2026-03-07,Oklahoma City Thunder,104,Golden State Warriors,97,W
2026-03-08,Toronto Raptors,122,Dallas Mavericks,92,W
2026-03-08,Portland Trail Blazers,131,Indiana Pacers,111,W
2026-03-08,Milwaukee Bucks,91,Orlando Magic,130,L
2026-03-08,Sacramento Kings,126,Chicago Bulls,110,W
2026-03-08,San Antonio Spurs,145,Houston Rockets,120,W
2026-03-08,Cleveland Cavaliers,98,Boston Celtics,109,L
2026-03-08,Los Angeles Lakers,110,New York Knicks,97,W
2026-03-08,Phoenix Suns,111,Charlotte Hornets,99,W
2026-03-08,Miami Heat,121,Detroit Pistons,110,W
2026-03-08,New Orleans Pelicans,138,Washington Wizards,118,W
2026-03-09,Oklahoma City Thunder,129,Denver Nuggets,126,W
2026-03-09,Utah Jazz,119,Golden State Warriors,116,W
2026-03-09,Cleveland Cavaliers,115,Philadelphia 76ers,101,W
2026-03-09,LA Clippers,126,New York Knicks,118,W
2026-03-09,Brooklyn Nets,126,Memphis Grizzlies,115,W
2026-03-10,Atlanta Hawks,124,Dallas Mavericks,112,W
2026-03-10,Milwaukee Bucks,114,Phoenix Suns,129,L
2026-03-10,Miami Heat,150,Washington Wizards,129,W
2026-03-10,Philadelphia 76ers,139,Memphis Grizzlies,129,W
2026-03-10,Portland Trail Blazers,101,Charlotte Hornets,103,L
2026-03-10,San Antonio Spurs,125,Boston Celtics,116,W
2026-03-10,Los Angeles Lakers,120,Minnesota Timberwolves,106,W
2026-03-10,Golden State Warriors,124,Chicago Bulls,130,L
2026-03-10,Sacramento Kings,114,Indiana Pacers,109,W
2026-03-10,Brooklyn Nets,100,Detroit Pistons,138,L
2026-03-10,Houston Rockets,113,Toronto Raptors,99,W
2026-03-11,Sacramento Kings,109,Charlotte Hornets,117,L
2026-03-11,New Orleans Pelicans,122,Toronto Raptors,111,W
2026-03-11,Denver Nuggets,129,Houston Rockets,93,W
2026-03-11,Utah Jazz,117,New York Knicks,134,L
2026-03-11,LA Clippers,153,Minnesota Timberwolves,128,W
2026-03-11,Orlando Magic,128,Cleveland Cavaliers,122,W
2026-03-12,Memphis Grizzlies,112,Dallas Mavericks,120,L
2026-03-12,Los Angeles Lakers,142,Chicago Bulls,130,W
2026-03-12,Detroit Pistons,131,Philadelphia 76ers,109,W
2026-03-12,Orlando Magic,136,Washington Wizards,131,W
2026-03-12,Miami Heat,112,Milwaukee Bucks,105,W
2026-03-12,Oklahoma City Thunder,104,Boston Celtics,102,W
2026-03-12,Atlanta Hawks,108,Brooklyn Nets,97,W
2026-03-12,San Antonio Spurs,131,Denver Nuggets,136,L
2026-03-12,Indiana Pacers,108,Phoenix Suns,123,L
2026-03-13,Golden State Warriors,117,Minnesota Timberwolves,127,L
2026-03-13,Toronto Raptors,122,Phoenix Suns,115,W
2026-03-13,Indiana Pacers,92,New York Knicks,101,L
2026-03-13,Houston Rockets,107,New Orleans Pelicans,105,W
2026-03-13,Detroit Pistons,126,Memphis Grizzlies,110,W
2026-03-13,Dallas Mavericks,105,Cleveland Cavaliers,138,L
2026-03-13,LA Clippers,119,Chicago Bulls,108,W
2026-03-13,Portland Trail Blazers,124,Utah Jazz,114,W
2026-03-14,San Antonio Spurs,115,Charlotte Hornets,102,W
2026-03-14,Boston Celtics,111,Washington Wizards,100,W
2026-03-14,Philadelphia 76ers,104,Brooklyn Nets,97,W
2026-03-14,Miami Heat,117,Orlando Magic,121,L
2026-03-14,Los Angeles Lakers,127,Denver Nuggets,125,W
2026-03-14,Atlanta Hawks,122,Milwaukee Bucks,99,W
2026-03-14,LA Clippers,109,Sacramento Kings,118,L
2026-03-15,Milwaukee Bucks,134,Indiana Pacers,123,W
2026-03-15,New York Knicks,110,Golden State Warriors,107,W
2026-03-15,Philadelphia 76ers,109,Portland Trail Blazers,103,W
2026-03-15,Sacramento Kings,116,Utah Jazz,111,W
2026-03-15,Oklahoma City Thunder,116,Minnesota Timberwolves,103,W
2026-03-15,Toronto Raptors,119,Detroit Pistons,108,W
2026-03-15,Cleveland Cavaliers,120,Dallas Mavericks,130,L
2026-03-16,Boston Celtics,120,Phoenix Suns,112,W
2026-03-16,Washington Wizards,117,Golden State Warriors,125,L
2026-03-16,Houston Rockets,92,Los Angeles Lakers,100,L
2026-03-16,Chicago Bulls,132,Memphis Grizzlies,107,W
2026-03-16,LA Clippers,115,San Antonio Spurs,119,L
2026-03-16,Brooklyn Nets,95,Portland Trail Blazers,114,L
2026-03-16,New Orleans Pelicans,129,Dallas Mavericks,111,W
2026-03-16,Atlanta Hawks,124,Orlando Magic,112,W
2026-03-17,Orlando Magic,108,Oklahoma City Thunder,113,L
2026-03-17,Charlotte Hornets,136,Miami Heat,106,W
2026-03-17,New York Knicks,136,Indiana Pacers,110,W
2026-03-17,Washington Wizards,117,Detroit Pistons,130,L
2026-03-17,Minnesota Timberwolves,116,Phoenix Suns,104,W
2026-03-17,Sacramento Kings,104,San Antonio Spurs,132,L
2026-03-17,Denver Nuggets,124,Philadelphia 76ers,96,W
2026-03-17,Milwaukee Bucks,116,Cleveland Cavaliers,123,L
2026-03-18,Memphis Grizzlies,125,Denver Nuggets,118,W
2026-03-18,New Orleans Pelicans,124,LA Clippers,109,W
2026-03-18,Dallas Mavericks,120,Atlanta Hawks,135,L
2026-03-18,Houston Rockets,116,Los Angeles Lakers,124,L
2026-03-18,Indiana Pacers,119,Portland Trail Blazers,127,L
2026-03-18,Brooklyn Nets,92,Oklahoma City Thunder,121,L
2026-03-18,Chicago Bulls,109,Toronto Raptors,139,L
2026-03-18,Boston Celtics,120,Golden State Warriors,99,W
2026-03-18,Minnesota Timberwolves,147,Utah Jazz,111,W
2026-03-19,Utah Jazz,128,Milwaukee Bucks,96,W
2026-03-19,Washington Wizards,95,Detroit Pistons,117,L
2026-03-19,Miami Heat,126,Los Angeles Lakers,134,L
2026-03-19,Charlotte Hornets,130,Orlando Magic,111,W
2026-03-19,New Orleans Pelicans,105,LA Clippers,99,W
2026-03-19,San Antonio Spurs,101,Phoenix Suns,100,W
2026-03-19,Chicago Bulls,110,Cleveland Cavaliers,115,L
2026-03-19,Sacramento Kings,118,Philadelphia 76ers,139,L
2026-03-20,Houston Rockets,117,Atlanta Hawks,95,W
2026-03-20,Minnesota Timberwolves,104,Portland Trail Blazers,108,L
2026-03-20,Detroit Pistons,115,Golden State Warriors,101,W
2026-03-20,Brooklyn Nets,92,New York Knicks,93,L
2026-03-20,Memphis Grizzlies,112,Boston Celtics,117,L
2026-03-20,Denver Nuggets,121,Toronto Raptors,115,W
2026-03-21,Dallas Mavericks,131,LA Clippers,138,L
2026-03-21,Utah Jazz,116,Philadelphia 76ers,126,L
2026-03-21,Washington Wizards,111,Oklahoma City Thunder,132,L
2026-03-21,New Orleans Pelicans,106,Cleveland Cavaliers,111,L
2026-03-21,Houston Rockets,123,Miami Heat,122,W
2026-03-21,Charlotte Hornets,124,Memphis Grizzlies,101,W
2026-03-21,San Antonio Spurs,134,Indiana Pacers,119,W
2026-03-21,Atlanta Hawks,126,Golden State Warriors,110,W
2026-03-21,Phoenix Suns,105,Milwaukee Bucks,108,L
2026-03-21,Orlando Magic,104,Los Angeles Lakers,105,L
2026-03-22,Denver Nuggets,128,Portland Trail Blazers,112,W
2026-03-22,Sacramento Kings,126,Brooklyn Nets,122,W
2026-03-22,Phoenix Suns,120,Toronto Raptors,98,W
2026-03-22,New York Knicks,145,Washington Wizards,113,W
2026-03-22,Boston Celtics,92,Minnesota Timberwolves,102,L
2026-03-23,Atlanta Hawks,146,Memphis Grizzlies,107,W
2026-03-23,Utah Jazz,127,Toronto Raptors,143,L
2026-03-23,Chicago Bulls,132,Houston Rockets,124,W
2026-03-23,Philadelphia 76ers,103,Oklahoma City Thunder,123,L
2026-03-23,Detroit Pistons,113,Los Angeles Lakers,110,W
2026-03-23,LA Clippers,129,Milwaukee Bucks,96,W
2026-03-23,Orlando Magic,126,Indiana Pacers,128,L
2026-03-23,Portland Trail Blazers,134,Brooklyn Nets,99,W
2026-03-23,Miami Heat,111,San Antonio Spurs,136,L
2026-03-23,Dallas Mavericks,131,Golden State Warriors,137,L
2026-03-24,New York Knicks,121,New Orleans Pelicans,116,W
2026-03-24,Phoenix Suns,123,Denver Nuggets,125,L
2026-03-24,Cleveland Cavaliers,136,Orlando Magic,131,W
2026-03-24,Charlotte Hornets,134,Sacramento Kings,90,W
2026-03-25,Minnesota Timberwolves,110,Houston Rockets,108,W
2026-03-25,LA Clippers,119,Toronto Raptors,94,W
2026-03-25,Cleveland Cavaliers,103,Miami Heat,120,L
2026-03-25,Utah Jazz,110,Washington Wizards,133,L
2026-03-25,Denver Nuggets,142,Dallas Mavericks,135,W
2026-03-25,Indiana Pacers,130,Los Angeles Lakers,137,L
2026-03-25,Golden State Warriors,109,Brooklyn Nets,106,W
2026-03-25,Boston Celtics,119,Oklahoma City Thunder,109,W
2026-03-25,Memphis Grizzlies,98,San Antonio Spurs,123,L
2026-03-25,Portland Trail Blazers,130,Milwaukee Bucks,99,W
2026-03-25,Philadelphia 76ers,157,Chicago Bulls,137,W
2026-03-25,Detroit Pistons,129,Atlanta Hawks,130,L
2026-03-26,Charlotte Hornets,114,New York Knicks,103,W
2026-03-26,Detroit Pistons,129,New Orleans Pelicans,108,W
2026-03-26,Orlando Magic,121,Sacramento Kings,117,W
2026-03-27,Indiana Pacers,113,LA Clippers,114,L
2026-03-27,Boston Celtics,109,Atlanta Hawks,102,W
2026-03-27,Toronto Raptors,119,New Orleans Pelicans,106,W
2026-03-27,Los Angeles Lakers,116,Brooklyn Nets,99,W
2026-03-27,Portland Trail Blazers,93,Dallas Mavericks,100,L
2026-03-27,Memphis Grizzlies,109,Houston Rockets,119,L
2026-03-27,Oklahoma City Thunder,131,Chicago Bulls,113,W
2026-03-27,Golden State Warriors,131,Washington Wizards,126,W
2026-03-27,Cleveland Cavaliers,149,Miami Heat,128,W
2026-03-27,Denver Nuggets,135,Utah Jazz,129,W
2026-03-28,Memphis Grizzlies,125,Chicago Bulls,124,W
2026-03-28,Phoenix Suns,134,Utah Jazz,109,W
2026-03-28,Minnesota Timberwolves,87,Detroit Pistons,109,L
2026-03-28,Milwaukee Bucks,95,San Antonio Spurs,127,L
2026-03-28,Atlanta Hawks,123,Sacramento Kings,113,W
2026-03-28,Charlotte Hornets,114,Philadelphia 76ers,118,L
2026-03-29,Toronto Raptors,139,Orlando Magic,87,W
2026-03-29,Brooklyn Nets,116,Sacramento Kings,99,W
2026-03-29,Portland Trail Blazers,123,Washington Wizards,88,W
2026-03-29,Denver Nuggets,116,Golden State Warriors,93,W
2026-03-29,Milwaukee Bucks,113,LA Clippers,127,L
2026-03-29,Charlotte Hornets,99,Boston Celtics,114,L
2026-03-29,Oklahoma City Thunder,111,New York Knicks,100,W
2026-03-29,New Orleans Pelicans,102,Houston Rockets,134,L
2026-03-29,Indiana Pacers,135,Miami Heat,118,W
2026-03-30,Memphis Grizzlies,105,Phoenix Suns,131,L
2026-03-30,San Antonio Spurs,129,Chicago Bulls,114,W
2026-03-30,Miami Heat,119,Philadelphia 76ers,109,W
2026-03-30,Utah Jazz,113,Cleveland Cavaliers,122,L
2026-03-30,Dallas Mavericks,94,Minnesota Timberwolves,124,L
2026-03-30,Atlanta Hawks,112,Boston Celtics,102,W
2026-03-30,Oklahoma City Thunder,114,Detroit Pistons,110,W
2026-03-30,Los Angeles Lakers,120,Washington Wizards,101,W
2026-03-31,Houston Rockets,111,New York Knicks,94,W
2026-03-31,Brooklyn Nets,86,Charlotte Hornets,117,L
2026-03-31,Milwaukee Bucks,123,Dallas Mavericks,99,W
2026-03-31,Orlando Magic,115,Phoenix Suns,111,W
2026-03-31,Los Angeles Lakers,127,Cleveland Cavaliers,113,W
2026-03-31,LA Clippers,104,Portland Trail Blazers,114,L
2026-03-31,Detroit Pistons,127,Toronto Raptors,116,W
2026-04-01,Miami Heat,129,Boston Celtics,147,L
2026-04-01,Orlando Magic,101,Atlanta Hawks,130,L
2026-04-01,Chicago Bulls,126,Indiana Pacers,145,L
2026-04-01,Golden State Warriors,113,San Antonio Spurs,127,L
2026-04-01,Toronto Raptors,115,Sacramento Kings,123,L
2026-04-01,Houston Rockets,119,Milwaukee Bucks,113,W
2026-04-01,Washington Wizards,131,Philadelphia 76ers,153,L
2026-04-01,Utah Jazz,117,Denver Nuggets,130,L
2026-04-01,Memphis Grizzlies,119,New York Knicks,130,L
2026-04-02,Portland Trail Blazers,118,New Orleans Pelicans,106,W
2026-04-02,Detroit Pistons,113,Minnesota Timberwolves,108,W
2026-04-02,Oklahoma City Thunder,139,Los Angeles Lakers,96,W
2026-04-02,Golden State Warriors,111,Cleveland Cavaliers,118,L
2026-04-02,LA Clippers,99,San Antonio Spurs,118,L
2026-04-02,Charlotte Hornets,127,Phoenix Suns,107,W
2026-04-03,Brooklyn Nets,107,Atlanta Hawks,141,L
2026-04-03,Charlotte Hornets,129,Indiana Pacers,108,W
2026-04-03,Philadelphia 76ers,115,Minnesota Timberwolves,103,W
2026-04-03,Sacramento Kings,117,New Orleans Pelicans,113,W
2026-04-03,Memphis Grizzlies,96,Toronto Raptors,128,L
2026-04-03,New York Knicks,136,Chicago Bulls,96,W
2026-04-03,Houston Rockets,140,Utah Jazz,106,W
2026-04-03,Dallas Mavericks,127,Orlando Magic,138,L
2026-04-03,Milwaukee Bucks,101,Boston Celtics,133,L
2026-04-04,Denver Nuggets,136,San Antonio Spurs,134,W
2026-04-04,Philadelphia 76ers,93,Detroit Pistons,116,L
2026-04-04,Miami Heat,152,Washington Wizards,136,W
2026-04-05,New Orleans Pelicans,108,Orlando Magic,112,L
2026-04-05,Milwaukee Bucks,131,Memphis Grizzlies,115,W
2026-04-05,Cleveland Cavaliers,117,Indiana Pacers,108,W
2026-04-05,Minnesota Timberwolves,108,Charlotte Hornets,122,L
2026-04-05,Dallas Mavericks,134,Los Angeles Lakers,128,W
2026-04-05,Boston Celtics,115,Toronto Raptors,101,W
2026-04-05,Golden State Warriors,116,Houston Rockets,117,L
2026-04-05,Brooklyn Nets,121,Washington Wizards,115,W
2026-04-05,Oklahoma City Thunder,146,Utah Jazz,111,W
2026-04-05,Chicago Bulls,110,Phoenix Suns,120,L
2026-04-05,Sacramento Kings,109,LA Clippers,138,L
2026-04-06,San Antonio Spurs,115,Philadelphia 76ers,102,W
2026-04-06,Atlanta Hawks,105,New York Knicks,108,L
2026-04-06,Memphis Grizzlies,126,Cleveland Cavaliers,142,L
2026-04-06,Orlando Magic,123,Detroit Pistons,107,W
2026-04-06,Denver Nuggets,137,Portland Trail Blazers,132,W
2026-04-07,Washington Wizards,98,Chicago Bulls,129,L
2026-04-07,New Orleans Pelicans,156,Utah Jazz,137,W
2026-04-07,Boston Celtics,113,Charlotte Hornets,102,W
2026-04-07,Phoenix Suns,105,Houston Rockets,119,L
2026-04-07,Golden State Warriors,110,Sacramento Kings,105,W
2026-04-07,Los Angeles Lakers,87,Oklahoma City Thunder,123,L
2026-04-07,Toronto Raptors,121,Miami Heat,95,W
2026-04-07,Brooklyn Nets,96,Milwaukee Bucks,90,W
2026-04-07,LA Clippers,116,Dallas Mavericks,103,W
2026-04-07,Indiana Pacers,104,Minnesota Timberwolves,124,L
2026-04-08,Detroit Pistons,137,Milwaukee Bucks,111,W
2026-04-08,Denver Nuggets,136,Memphis Grizzlies,119,W
2026-04-08,Orlando Magic,132,Minnesota Timberwolves,120,W
2026-04-08,San Antonio Spurs,112,Portland Trail Blazers,101,W
2026-04-08,Phoenix Suns,112,Dallas Mavericks,107,W
2026-04-08,LA Clippers,110,Oklahoma City Thunder,128,L
2026-04-08,Cleveland Cavaliers,122,Atlanta Hawks,116,W
2026-04-09,Washington Wizards,108,Chicago Bulls,119,L
2026-04-09,Toronto Raptors,128,Miami Heat,114,W
2026-04-09,New York Knicks,112,Boston Celtics,106,W
2026-04-09,Golden State Warriors,103,Los Angeles Lakers,119,L
2026-04-09,Brooklyn Nets,94,Indiana Pacers,123,L
2026-04-09,Houston Rockets,113,Philadelphia 76ers,102,W
2026-04-10,New York Knicks,112,Toronto Raptors,95,W
2026-04-10,Atlanta Hawks,124,Cleveland Cavaliers,102,W
2026-04-10,Portland Trail Blazers,116,LA Clippers,97,W
2026-04-10,Denver Nuggets,127,Oklahoma City Thunder,107,W
2026-04-10,Indiana Pacers,94,Philadelphia 76ers,105,L
2026-04-10,Sacramento Kings,124,Golden State Warriors,118,W
2026-04-10,Houston Rockets,132,Minnesota Timberwolves,136,L
2026-04-10,Boston Celtics,144,New Orleans Pelicans,118,W
2026-04-10,Los Angeles Lakers,101,Phoenix Suns,73,W
2026-04-10,Chicago Bulls,103,Orlando Magic,127,L
2026-04-10,Charlotte Hornets,100,Detroit Pistons,118,L
2026-04-10,Washington Wizards,117,Miami Heat,140,L
2026-04-10,San Antonio Spurs,139,Dallas Mavericks,120,W
2026-04-10,Utah Jazz,147,Memphis Grizzlies,101,W
2026-04-10,Milwaukee Bucks,125,Brooklyn Nets,108,W
2026-04-12,Portland Trail Blazers,122,Sacramento Kings,110,W
2026-04-12,San Antonio Spurs,118,Denver Nuggets,128,L
2026-04-12,Dallas Mavericks,149,Chicago Bulls,128,W
2026-04-12,Philadelphia 76ers,126,Milwaukee Bucks,106,W
2026-04-12,Cleveland Cavaliers,130,Washington Wizards,117,W
2026-04-12,Oklahoma City Thunder,103,Phoenix Suns,135,L
2026-04-12,New York Knicks,96,Charlotte Hornets,110,L
2026-04-12,Minnesota Timberwolves,132,New Orleans Pelicans,126,W
2026-04-12,LA Clippers,115,Golden State Warriors,110,W
2026-04-12,Los Angeles Lakers,131,Utah Jazz,107,W
2026-04-12,Boston Celtics,113,Orlando Magic,108,W
2026-04-12,Miami Heat,143,Atlanta Hawks,117,W
2026-04-12,Houston Rockets,132,Memphis Grizzlies,101,W
2026-04-12,Indiana Pacers,121,Detroit Pistons,133,L
2026-04-12,Toronto Raptors,136,Brooklyn Nets,101,W
2026-04-18,Cleveland Cavaliers,126,Toronto Raptors,113,W
2026-04-18,Denver Nuggets,116,Minnesota Timberwolves,105,W
2026-04-18,New York Knicks,113,Atlanta Hawks,102,W
2026-04-18,Los Angeles Lakers,107,Houston Rockets,98,W
2026-04-19,San Antonio Spurs,111,Portland Trail Blazers,98,W
2026-04-19,Detroit Pistons,101,Orlando Magic,112,L
2026-04-19,Oklahoma City Thunder,119,Phoenix Suns,84,W
2026-04-19,Boston Celtics,123,Philadelphia 76ers,91,W
2026-04-20,New York Knicks,106,Atlanta Hawks,107,L
2026-04-20,Denver Nuggets,114,Minnesota Timberwolves,119,L
2026-04-20,Cleveland Cavaliers,115,Toronto Raptors,105,W
2026-04-21,Los Angeles Lakers,101,Houston Rockets,94,W
2026-04-21,Boston Celtics,97,Philadelphia 76ers,111,L
2026-04-21,San Antonio Spurs,103,Portland Trail Blazers,106,L
2026-04-22,Detroit Pistons,98,Orlando Magic,83,W
2026-04-22,Oklahoma City Thunder,120,Phoenix Suns,107,W
2026-04-23,Atlanta Hawks,109,New York Knicks,108,W
2026-04-23,Toronto Raptors,126,Cleveland Cavaliers,104,W
2026-04-23,Minnesota Timberwolves,113,Denver Nuggets,96,W
2026-04-24,Portland Trail Blazers,108,San Antonio Spurs,120,L
2026-04-24,Houston Rockets,108,Los Angeles Lakers,112,L
2026-04-24,Philadelphia 76ers,100,Boston Celtics,108,L
2026-04-25,Orlando Magic,113,Detroit Pistons,105,W
2026-04-25,Phoenix Suns,109,Oklahoma City Thunder,121,L
2026-04-25,Atlanta Hawks,98,New York Knicks,114,L
2026-04-25,Minnesota Timberwolves,112,Denver Nuggets,96,W
2026-04-26,Philadelphia 76ers,96,Boston Celtics,128,L
2026-04-26,Portland Trail Blazers,93,San Antonio Spurs,114,L
2026-04-26,Toronto Raptors,93,Cleveland Cavaliers,89,W
2026-04-26,Houston Rockets,115,Los Angeles Lakers,96,W
2026-04-27,Denver Nuggets,125,Minnesota Timberwolves,113,W
2026-04-27,Phoenix Suns,122,Oklahoma City Thunder,131,L
2026-04-27,Orlando Magic,94,Detroit Pistons,88,W
2026-04-28,Boston Celtics,97,Philadelphia 76ers,113,L
2026-04-28,New York Knicks,126,Atlanta Hawks,97,W
2026-04-28,San Antonio Spurs,114,Portland Trail Blazers,95,W
2026-04-29,Detroit Pistons,116,Orlando Magic,109,W
2026-04-29,Cleveland Cavaliers,125,Toronto Raptors,120,W
2026-04-29,Los Angeles Lakers,93,Houston Rockets,99,L
2026-04-30,Philadelphia 76ers,106,Boston Celtics,93,W
2026-04-30,Atlanta Hawks,89,New York Knicks,140,L
2026-04-30,Minnesota Timberwolves,110,Denver Nuggets,98,W
2026-05-01,Orlando Magic,79,Detroit Pistons,93,L
2026-05-01,Toronto Raptors,112,Cleveland Cavaliers,110,W
2026-05-01,Houston Rockets,78,Los Angeles Lakers,98,L
2026-05-02,Boston Celtics,100,Philadelphia 76ers,109,L
2026-05-03,Detroit Pistons,116,Orlando Magic,94,W
2026-05-03,Cleveland Cavaliers,114,Toronto Raptors,102,W
2026-05-04,San Antonio Spurs,102,Minnesota Timberwolves,104,L
2026-05-04,New York Knicks,137,Philadelphia 76ers,98,W
2026-05-05,Oklahoma City Thunder,108,Los Angeles Lakers,90,W
2026-05-05,Detroit Pistons,111,Cleveland Cavaliers,101,W
2026-05-06,San Antonio Spurs,133,Minnesota Timberwolves,95,W
2026-05-06,New York Knicks,108,Philadelphia 76ers,102,W
2026-05-07,Detroit Pistons,107,Cleveland Cavaliers,97,W
2026-05-07,Oklahoma City Thunder,125,Los Angeles Lakers,107,W
2026-05-08,Philadelphia 76ers,94,New York Knicks,108,L
2026-05-08,Minnesota Timberwolves,108,San Antonio Spurs,115,L
2026-05-09,Los Angeles Lakers,108,Oklahoma City Thunder,131,L
2026-05-09,Cleveland Cavaliers,116,Detroit Pistons,109,W
2026-05-10,Philadelphia 76ers,114,New York Knicks,144,L
2026-05-10,Minnesota Timberwolves,114,San Antonio Spurs,109,W
2026-05-11,Cleveland Cavaliers,112,Detroit Pistons,103,W
2026-05-11,Los Angeles Lakers,110,Oklahoma City Thunder,115,L
2026-05-12,San Antonio Spurs,126,Minnesota Timberwolves,97,W
2026-05-13,Detroit Pistons,113,Cleveland Cavaliers,117,L
2026-05-15,Minnesota Timberwolves,109,San Antonio Spurs,139,L
2026-05-15,Cleveland Cavaliers,94,Detroit Pistons,115,L
2026-05-17,Detroit Pistons,94,Cleveland Cavaliers,125,L
2026-05-18,Oklahoma City Thunder,115,San Antonio Spurs,122,L
2026-05-19,New York Knicks,115,Cleveland Cavaliers,104,W
2026-05-20,Oklahoma City Thunder,122,San Antonio Spurs,113,W
2026-05-21,New York Knicks,109,Cleveland Cavaliers,93,W
2026-05-22,San Antonio Spurs,108,Oklahoma City Thunder,123,L
2026-05-23,Cleveland Cavaliers,108,New York Knicks,121,L
2026-05-24,San Antonio Spurs,103,Oklahoma City Thunder,82,W
2026-05-25,Cleveland Cavaliers,93,New York Knicks,130,L
2026-05-26,Oklahoma City Thunder,127,San Antonio Spurs,114,W
2026-05-28,San Antonio Spurs,118,Oklahoma City Thunder,91,W
2026-05-30,Oklahoma City Thunder,103,San Antonio Spurs,111,L
2026-06-03,San Antonio Spurs,95,New York Knicks,105,L
2026-06-05,San Antonio Spurs,104,New York Knicks,105,L
2026-06-08,New York Knicks,111,San Antonio Spurs,115,L
2026-06-10,New York Knicks,107,San Antonio Spurs,106,W
2026-06-13,San Antonio Spurs,90,New York Knicks,94,L
